{
  "locations": [
    {"name": "Melbourne CBD", "slug": "melbourne-cbd"},
    {"name": "Carlton", "slug": "carlton"},
    {"name": "Fitzroy", "slug": "fitzroy"},
    {"name": "Collingwood", "slug": "collingwood"},
    {"name": "Richmond", "slug": "richmond"},
    {"name": "South Yarra", "slug": "south-yarra"},
    {"name": "Prahran", "slug": "prahran"},
    {"name": "St Kilda", "slug": "st-kilda"},
    {"name": "Port Melbourne", "slug": "port-melbourne"},
    {"name": "Albert Park", "slug": "albert-park"},
    {"name": "South Melbourne", "slug": "south-melbourne"},
    {"name": "Southbank", "slug": "southbank"},
    {"name": "Docklands", "slug": "docklands"},
    {"name": "North Melbourne", "slug": "north-melbourne"},
    {"name": "Kensington", "slug": "kensington"},
    {"name": "Footscray", "slug": "footscray"},
    {"name": "Yarraville", "slug": "yarraville"},
    {"name": "Williamstown", "slug": "williamstown"},
    {"name": "Brighton", "slug": "brighton"},
    {"name": "Hampton", "slug": "hampton"},
    {"name": "Sandringham", "slug": "sandringham"},
    {"name": "Elwood", "slug": "elwood"},
    {"name": "Caulfield", "slug": "caulfield"},
    {"name": "Carnegie", "slug": "carnegie"},
    {"name": "Glen Iris", "slug": "glen-iris"},
    {"name": "Malvern", "slug": "malvern"},
    {"name": "Toorak", "slug": "toorak"},
    {"name": "Hawthorn", "slug": "hawthorn"},
    {"name": "Kew", "slug": "kew"},
    {"name": "Camberwell", "slug": "camberwell"},
    {"name": "Box Hill", "slug": "box-hill"},
    {"name": "Doncaster", "slug": "doncaster"},
    {"name": "Balwyn", "slug": "balwyn"},
    {"name": "Brunswick", "slug": "brunswick"},
    {"name": "Coburg", "slug": "coburg"},
    {"name": "Preston", "slug": "preston"},
    {"name": "Reservoir", "slug": "reservoir"},
    {"name": "Thornbury", "slug": "thornbury"},
    {"name": "Northcote", "slug": "northcote"},
    {"name": "Essendon", "slug": "essendon"},
    {"name": "Moonee Ponds", "slug": "moonee-ponds"},
    {"name": "Ascot Vale", "slug": "ascot-vale"},
    {"name": "Flemington", "slug": "flemington"},
    {"name": "Maribyrnong", "slug": "maribyrnong"},
    {"name": "Sunshine", "slug": "sunshine"},
    {"name": "Footscray", "slug": "footscray"},
    {"name": "Clayton", "slug": "clayton"},
    {"name": "Glen Waverley", "slug": "glen-waverley"},
    {"name": "Oakleigh", "slug": "oakleigh"},
    {"name": "Cheltenham", "slug": "cheltenham"}
  ]
}
